train_r2,test_r2,train_mae,test_mae,train_rmse,test_rmse,cv_mean,cv_std
0.9767036416986533,0.937759201161594,0.8441394163513566,1.6779506746640886,1.1584277929146556,2.1529453259029077,0.8916145682681405,0.04736483388191389
