train_r2,test_r2,train_mae,test_mae,train_rmse,test_rmse,cv_mean,cv_std
0.9891806570341561,0.9711212370496212,0.38278002695185126,0.7165500020986789,0.8396160892341115,1.4012174627521248,0.9640612628537774,0.005917247573924214
